<?xml version="1.0" encoding="UTF-8"?>
<project-private xmlns="http://www.netbeans.org/ns/project-private/1">
    <editor-bookmarks xmlns="http://www.netbeans.org/ns/editor-bookmarks/1"/>
    <open-files xmlns="http://www.netbeans.org/ns/projectui-open-files/1">
        <file>file:/C:/Users/js.urrego110/Desktop/Laboratorio3/Lab3-MueblesDeLosAlpes/Lab3-MueblesDeLosAlpes-war/src/java/com/losalpes/beans/CarritoBean.java</file>
        <file>file:/C:/Users/js.urrego110/Desktop/Laboratorio3/Lab3-MueblesDeLosAlpes/Lab3-MueblesDeLosAlpes-war/src/java/com/losalpes/beans/CatalogoBean.java</file>
        <file>file:/C:/Users/js.urrego110/Desktop/Laboratorio3/Lab3-MueblesDeLosAlpes/Lab3-MueblesDeLosAlpes-war/src/java/com/losalpes/beans/LoginBean.java</file>
        <file>file:/C:/Users/js.urrego110/Desktop/Laboratorio3/Lab3-MueblesDeLosAlpes/Lab3-MueblesDeLosAlpes-war/src/java/com/losalpes/beans/RegistroBean.java</file>
    </open-files>
</project-private>
