<?xml version='1.0' encoding='UTF-8'?>

<!-- =========== Archivo de configuración ================================== -->

<faces-config version="2.0"
    xmlns="http://java.sun.com/xml/ns/javaee"
    xmlns:xsi="http://www.w3.org/2001/XMLSchema-instance"
    xsi:schemaLocation="http://java.sun.com/xml/ns/javaee http://java.sun.com/xml/ns/javaee/web-facesconfig_2_0.xsd">

    <!-- Managed beans del sistema -->
    <managed-bean>
        <description>Managed bean encargado de la autenticación de los usuarios en el sistema</description>
        <managed-bean-name>loginBean</managed-bean-name>
        <managed-bean-class>com.losalpes.beans.LoginBean</managed-bean-class>
        <managed-bean-scope>session</managed-bean-scope>
    </managed-bean>

    <managed-bean>
        <description>Managed bean que se encarga del catálogo en el sistema</description>
        <managed-bean-name>catalogoBean</managed-bean-name>
        <managed-bean-class>com.losalpes.beans.CatalogoBean</managed-bean-class>
        <managed-bean-scope>session</managed-bean-scope>
    </managed-bean>
    
    <managed-bean>
        <description>ManagedBean encargado del registro de un nuevo cliente en el sistema</description>
        <managed-bean-name>registroBean</managed-bean-name>
        <managed-bean-class>com.losalpes.beans.RegistroBean</managed-bean-class>
        <managed-bean-scope>session</managed-bean-scope>
    </managed-bean>
 
    <managed-bean>
        <description>Managed Bean encargado del carrito de compras del cliente</description>
        <managed-bean-name>carritoBean</managed-bean-name>
        <managed-bean-class>com.losalpes.beans.CarritoBean</managed-bean-class>
        <managed-bean-scope>session</managed-bean-scope>
    </managed-bean>

    <managed-bean>
        <description>Managed Bean encargado de la administración de vendedores en el sistema</description>
        <managed-bean-name>vendedorBean</managed-bean-name>
        <managed-bean-class>com.losalpes.beans.VendedorBean</managed-bean-class>
        <managed-bean-scope>session</managed-bean-scope>
    </managed-bean>

    <!-- Reglas de navegación -->
    <navigation-rule>
        <from-view-id>/index.xhtml</from-view-id>
        <navigation-case>
            <from-outcome>administrador</from-outcome>
            <to-view-id>/menu.jsf</to-view-id>
        </navigation-case>
    </navigation-rule>

    <navigation-rule>
        <from-view-id>/index.xhtml</from-view-id>
        <navigation-case>
            <from-outcome>cliente</from-outcome>
            <to-view-id>/catalogoCliente.jsf</to-view-id>
        </navigation-case>
    </navigation-rule>

    <navigation-rule>
        <from-view-id>/index.xhtml</from-view-id>
        <navigation-case>
            <from-outcome>login</from-outcome>
            <to-view-id>/index.jsf</to-view-id>
        </navigation-case>
    </navigation-rule>

    <navigation-rule>
        <from-view-id>/registro.xhtml</from-view-id>
        <navigation-case>
            <from-outcome>login</from-outcome>
            <to-view-id>/index.jsf</to-view-id>
        </navigation-case>
    </navigation-rule>

    <navigation-rule>
        <from-view-id>/catalogoCliente.xhtml</from-view-id>
        <navigation-case>
            <from-outcome>login</from-outcome>
            <to-view-id>/index.jsf</to-view-id>
        </navigation-case>
    </navigation-rule>

    <navigation-rule>
        <from-view-id>/menu.xhtml</from-view-id>
        <navigation-case>
            <from-outcome>login</from-outcome>
            <to-view-id>/index.jsf</to-view-id>
        </navigation-case>
    </navigation-rule>

</faces-config>
