<?xml version="1.0" encoding="UTF-8"?>
<project-private xmlns="http://www.netbeans.org/ns/project-private/1">
    <editor-bookmarks xmlns="http://www.netbeans.org/ns/editor-bookmarks/1"/>
    <open-files xmlns="http://www.netbeans.org/ns/projectui-open-files/1">
        <file>file:/C:/Users/js.urrego110/Desktop/Laboratorio3/Lab3-MueblesDeLosAlpes/Lab3-MueblesDeLosAlpes-ejb/src/java/com/losalpes/servicios/IServicioCarritoMockLocal.java</file>
        <file>file:/C:/Users/js.urrego110/Desktop/Laboratorio3/Lab3-MueblesDeLosAlpes/Lab3-MueblesDeLosAlpes-ejb/src/java/com/losalpes/servicios/IServicioCarritoMockRemote.java</file>
        <file>file:/C:/Users/js.urrego110/Desktop/Laboratorio3/Lab3-MueblesDeLosAlpes/Lab3-MueblesDeLosAlpes-ejb/src/java/com/losalpes/servicios/IServicioCatalogoMockLocal.java</file>
        <file>file:/C:/Users/js.urrego110/Desktop/Laboratorio3/Lab3-MueblesDeLosAlpes/Lab3-MueblesDeLosAlpes-ejb/src/java/com/losalpes/servicios/ServicioCatalogoMock.java</file>
        <file>file:/C:/Users/js.urrego110/Desktop/Laboratorio3/Lab3-MueblesDeLosAlpes/Lab3-MueblesDeLosAlpes-ejb/src/java/com/losalpes/servicios/IServicioCatalogoMockRemote.java</file>
        <file>file:/C:/Users/js.urrego110/Desktop/Laboratorio3/Lab3-MueblesDeLosAlpes/Lab3-MueblesDeLosAlpes-ejb/src/java/com/losalpes/servicios/IServicioPersistenciaMockLocal.java</file>
        <file>file:/C:/Users/js.urrego110/Desktop/Laboratorio3/Lab3-MueblesDeLosAlpes/Lab3-MueblesDeLosAlpes-ejb/src/java/com/losalpes/servicios/IServicioRegistroMockLocal.java</file>
        <file>file:/C:/Users/js.urrego110/Desktop/Laboratorio3/Lab3-MueblesDeLosAlpes/Lab3-MueblesDeLosAlpes-ejb/src/java/com/losalpes/servicios/IServicioRegistroMockRemote.java</file>
        <file>file:/C:/Users/js.urrego110/Desktop/Laboratorio3/Lab3-MueblesDeLosAlpes/Lab3-MueblesDeLosAlpes-ejb/src/java/com/losalpes/servicios/IServicioSeguridadMockLocal.java</file>
        <file>file:/C:/Users/js.urrego110/Desktop/Laboratorio3/Lab3-MueblesDeLosAlpes/Lab3-MueblesDeLosAlpes-ejb/src/java/com/losalpes/servicios/IServicioSeguridadMockRemote.java</file>
        <file>file:/C:/Users/js.urrego110/Desktop/Laboratorio3/Lab3-MueblesDeLosAlpes/Lab3-MueblesDeLosAlpes-ejb/src/java/com/losalpes/servicios/IServicioVendedoresMockLocal.java</file>
        <file>file:/C:/Users/js.urrego110/Desktop/Laboratorio3/Lab3-MueblesDeLosAlpes/Lab3-MueblesDeLosAlpes-ejb/src/java/com/losalpes/servicios/IServicioVendedoresMockRemote.java</file>
        <file>file:/C:/Users/js.urrego110/Desktop/Laboratorio3/Lab3-MueblesDeLosAlpes/Lab3-MueblesDeLosAlpes-ejb/src/java/com/losalpes/servicios/ServicioCarritoMock.java</file>
        <file>file:/C:/Users/js.urrego110/Desktop/Laboratorio3/Lab3-MueblesDeLosAlpes/Lab3-MueblesDeLosAlpes-ejb/src/java/com/losalpes/servicios/ServicioRegistroMock.java</file>
        <file>file:/C:/Users/js.urrego110/Desktop/Laboratorio3/Lab3-MueblesDeLosAlpes/Lab3-MueblesDeLosAlpes-ejb/src/java/com/losalpes/servicios/ServicioSeguridadMock.java</file>
        <file>file:/C:/Users/js.urrego110/Desktop/Laboratorio3/Lab3-MueblesDeLosAlpes/Lab3-MueblesDeLosAlpes-ejb/src/java/com/losalpes/servicios/ServicioVendedoresMock.java</file>
        <file>file:/C:/Users/js.urrego110/Desktop/Laboratorio3/Lab3-MueblesDeLosAlpes/Lab3-MueblesDeLosAlpes-ejb/src/java/com/losalpes/servicios/ServicioPersistencia.java</file>
    </open-files>
</project-private>
